{"cameraMode":{"drawMode":0,"name":"Shaded","section":"Shading Mode"},"sceneLighting":true,"audioPlay":false,"sceneViewState":{"showFog":true,"showMaterialUpdate":false,"showSkybox":true,"showFlares":true,"showImageEffects":true,"showParticleSystems":true,"showVisualEffectGraphs":true,"m_FxEnabled":true},"in2DMode":false,"pivot":{"x":0.4601438343524933,"y":2.1851089000701906,"z":-1.7200868129730225},"rotation":{"x":0.14788924157619477,"y":-0.24642644822597505,"z":0.038073647767305377,"w":0.9570702910423279},"size":2.284374237060547,"orthographic":false}